<annotation>
	<folder>LabelIMG Lawn Images</folder>
	<filename>image (36).jpg</filename>
	<path>C:\Users\coolf\Desktop\LabelIMG Lawn Images\image (36).jpg</path>
	<source>
		<database>Unknown</database>
	</source>
	<size>
		<width>310</width>
		<height>163</height>
		<depth>3</depth>
	</size>
	<segmented>0</segmented>
	<object>
		<name>Patch</name>
		<pose>Unspecified</pose>
		<truncated>0</truncated>
		<difficult>0</difficult>
		<bndbox>
			<xmin>60</xmin>
			<ymin>5</ymin>
			<xmax>174</xmax>
			<ymax>90</ymax>
		</bndbox>
	</object>
</annotation>
