<annotation>
	<folder>LabelIMG Lawn Images</folder>
	<filename>image (41).jpg</filename>
	<path>C:\Users\coolf\Desktop\LabelIMG Lawn Images\image (41).jpg</path>
	<source>
		<database>Unknown</database>
	</source>
	<size>
		<width>225</width>
		<height>225</height>
		<depth>3</depth>
	</size>
	<segmented>0</segmented>
	<object>
		<name>Patch</name>
		<pose>Unspecified</pose>
		<truncated>0</truncated>
		<difficult>0</difficult>
		<bndbox>
			<xmin>82</xmin>
			<ymin>44</ymin>
			<xmax>184</xmax>
			<ymax>134</ymax>
		</bndbox>
	</object>
	<object>
		<name>Patch</name>
		<pose>Unspecified</pose>
		<truncated>0</truncated>
		<difficult>0</difficult>
		<bndbox>
			<xmin>12</xmin>
			<ymin>129</ymin>
			<xmax>97</xmax>
			<ymax>222</ymax>
		</bndbox>
	</object>
</annotation>
