<annotation>
	<folder>LabelIMG Lawn Images</folder>
	<filename>image (45).jpg</filename>
	<path>C:\Users\coolf\Desktop\LabelIMG Lawn Images\image (45).jpg</path>
	<source>
		<database>Unknown</database>
	</source>
	<size>
		<width>284</width>
		<height>178</height>
		<depth>3</depth>
	</size>
	<segmented>0</segmented>
	<object>
		<name>Patch</name>
		<pose>Unspecified</pose>
		<truncated>0</truncated>
		<difficult>0</difficult>
		<bndbox>
			<xmin>3</xmin>
			<ymin>29</ymin>
			<xmax>45</xmax>
			<ymax>57</ymax>
		</bndbox>
	</object>
	<object>
		<name>Patch</name>
		<pose>Unspecified</pose>
		<truncated>0</truncated>
		<difficult>0</difficult>
		<bndbox>
			<xmin>76</xmin>
			<ymin>47</ymin>
			<xmax>211</xmax>
			<ymax>72</ymax>
		</bndbox>
	</object>
	<object>
		<name>Patch</name>
		<pose>Unspecified</pose>
		<truncated>0</truncated>
		<difficult>0</difficult>
		<bndbox>
			<xmin>108</xmin>
			<ymin>77</ymin>
			<xmax>198</xmax>
			<ymax>122</ymax>
		</bndbox>
	</object>
	<object>
		<name>Patch</name>
		<pose>Unspecified</pose>
		<truncated>0</truncated>
		<difficult>0</difficult>
		<bndbox>
			<xmin>105</xmin>
			<ymin>139</ymin>
			<xmax>253</xmax>
			<ymax>173</ymax>
		</bndbox>
	</object>
</annotation>
