<annotation>
	<folder>LabelIMG Lawn Images</folder>
	<filename>image (6).jpg</filename>
	<path>C:\Users\coolf\Desktop\LabelIMG Lawn Images\image (6).jpg</path>
	<source>
		<database>Unknown</database>
	</source>
	<size>
		<width>224</width>
		<height>224</height>
		<depth>3</depth>
	</size>
	<segmented>0</segmented>
	<object>
		<name>Patch</name>
		<pose>Unspecified</pose>
		<truncated>0</truncated>
		<difficult>0</difficult>
		<bndbox>
			<xmin>8</xmin>
			<ymin>14</ymin>
			<xmax>221</xmax>
			<ymax>214</ymax>
		</bndbox>
	</object>
</annotation>
