<annotation>
	<folder>LabelIMG Lawn Images</folder>
	<filename>image (17).jpg</filename>
	<path>C:\Users\coolf\Desktop\LabelIMG Lawn Images\image (17).jpg</path>
	<source>
		<database>Unknown</database>
	</source>
	<size>
		<width>225</width>
		<height>225</height>
		<depth>3</depth>
	</size>
	<segmented>0</segmented>
	<object>
		<name>Patch</name>
		<pose>Unspecified</pose>
		<truncated>0</truncated>
		<difficult>0</difficult>
		<bndbox>
			<xmin>31</xmin>
			<ymin>50</ymin>
			<xmax>222</xmax>
			<ymax>193</ymax>
		</bndbox>
	</object>
</annotation>
