<annotation>
	<folder>LabelIMG Lawn Images</folder>
	<filename>image (49).jpg</filename>
	<path>C:\Users\coolf\Desktop\LabelIMG Lawn Images\image (49).jpg</path>
	<source>
		<database>Unknown</database>
	</source>
	<size>
		<width>259</width>
		<height>194</height>
		<depth>3</depth>
	</size>
	<segmented>0</segmented>
	<object>
		<name>Patch</name>
		<pose>Unspecified</pose>
		<truncated>0</truncated>
		<difficult>0</difficult>
		<bndbox>
			<xmin>91</xmin>
			<ymin>107</ymin>
			<xmax>227</xmax>
			<ymax>149</ymax>
		</bndbox>
	</object>
	<object>
		<name>Patch</name>
		<pose>Unspecified</pose>
		<truncated>1</truncated>
		<difficult>0</difficult>
		<bndbox>
			<xmin>1</xmin>
			<ymin>93</ymin>
			<xmax>89</xmax>
			<ymax>125</ymax>
		</bndbox>
	</object>
	<object>
		<name>Patch</name>
		<pose>Unspecified</pose>
		<truncated>0</truncated>
		<difficult>0</difficult>
		<bndbox>
			<xmin>91</xmin>
			<ymin>77</ymin>
			<xmax>186</xmax>
			<ymax>101</ymax>
		</bndbox>
	</object>
</annotation>
