<annotation>
	<folder>LabelIMG Lawn Images</folder>
	<filename>image (40).jpg</filename>
	<path>C:\Users\coolf\Desktop\LabelIMG Lawn Images\image (40).jpg</path>
	<source>
		<database>Unknown</database>
	</source>
	<size>
		<width>318</width>
		<height>159</height>
		<depth>3</depth>
	</size>
	<segmented>0</segmented>
	<object>
		<name>Patch</name>
		<pose>Unspecified</pose>
		<truncated>0</truncated>
		<difficult>0</difficult>
		<bndbox>
			<xmin>5</xmin>
			<ymin>12</ymin>
			<xmax>154</xmax>
			<ymax>150</ymax>
		</bndbox>
	</object>
</annotation>
