<annotation>
	<folder>LabelIMG Lawn Images</folder>
	<filename>image (10).jpg</filename>
	<path>C:\Users\coolf\Desktop\LabelIMG Lawn Images\image (10).jpg</path>
	<source>
		<database>Unknown</database>
	</source>
	<size>
		<width>275</width>
		<height>184</height>
		<depth>3</depth>
	</size>
	<segmented>0</segmented>
	<object>
		<name>Patch</name>
		<pose>Unspecified</pose>
		<truncated>1</truncated>
		<difficult>0</difficult>
		<bndbox>
			<xmin>1</xmin>
			<ymin>1</ymin>
			<xmax>104</xmax>
			<ymax>81</ymax>
		</bndbox>
	</object>
	<object>
		<name>Patch</name>
		<pose>Unspecified</pose>
		<truncated>1</truncated>
		<difficult>0</difficult>
		<bndbox>
			<xmin>1</xmin>
			<ymin>83</ymin>
			<xmax>190</xmax>
			<ymax>137</ymax>
		</bndbox>
	</object>
</annotation>
