<annotation>
	<folder>LabelIMG Lawn Images</folder>
	<filename>image (38).jpg</filename>
	<path>C:\Users\coolf\Desktop\LabelIMG Lawn Images\image (38).jpg</path>
	<source>
		<database>Unknown</database>
	</source>
	<size>
		<width>333</width>
		<height>151</height>
		<depth>3</depth>
	</size>
	<segmented>0</segmented>
	<object>
		<name>Patch</name>
		<pose>Unspecified</pose>
		<truncated>0</truncated>
		<difficult>0</difficult>
		<bndbox>
			<xmin>10</xmin>
			<ymin>23</ymin>
			<xmax>155</xmax>
			<ymax>135</ymax>
		</bndbox>
	</object>
	<object>
		<name>Patch</name>
		<pose>Unspecified</pose>
		<truncated>0</truncated>
		<difficult>0</difficult>
		<bndbox>
			<xmin>172</xmin>
			<ymin>103</ymin>
			<xmax>260</xmax>
			<ymax>150</ymax>
		</bndbox>
	</object>
	<object>
		<name>Patch</name>
		<pose>Unspecified</pose>
		<truncated>0</truncated>
		<difficult>0</difficult>
		<bndbox>
			<xmin>216</xmin>
			<ymin>28</ymin>
			<xmax>303</xmax>
			<ymax>102</ymax>
		</bndbox>
	</object>
</annotation>
