<annotation>
	<folder>LabelIMG Lawn Images</folder>
	<filename>image (11).jpg</filename>
	<path>C:\Users\coolf\Desktop\LabelIMG Lawn Images\image (11).jpg</path>
	<source>
		<database>Unknown</database>
	</source>
	<size>
		<width>346</width>
		<height>145</height>
		<depth>3</depth>
	</size>
	<segmented>0</segmented>
	<object>
		<name>Patch</name>
		<pose>Unspecified</pose>
		<truncated>0</truncated>
		<difficult>0</difficult>
		<bndbox>
			<xmin>11</xmin>
			<ymin>6</ymin>
			<xmax>169</xmax>
			<ymax>136</ymax>
		</bndbox>
	</object>
</annotation>
