<annotation>
	<folder>LabelIMG Lawn Images</folder>
	<filename>image (4).jpg</filename>
	<path>C:\Users\coolf\Desktop\LabelIMG Lawn Images\image (4).jpg</path>
	<source>
		<database>Unknown</database>
	</source>
	<size>
		<width>308</width>
		<height>164</height>
		<depth>3</depth>
	</size>
	<segmented>0</segmented>
	<object>
		<name>Patch</name>
		<pose>Unspecified</pose>
		<truncated>0</truncated>
		<difficult>0</difficult>
		<bndbox>
			<xmin>70</xmin>
			<ymin>50</ymin>
			<xmax>149</xmax>
			<ymax>121</ymax>
		</bndbox>
	</object>
	<object>
		<name>Patch</name>
		<pose>Unspecified</pose>
		<truncated>0</truncated>
		<difficult>0</difficult>
		<bndbox>
			<xmin>151</xmin>
			<ymin>44</ymin>
			<xmax>277</xmax>
			<ymax>90</ymax>
		</bndbox>
	</object>
	<object>
		<name>Patch</name>
		<pose>Unspecified</pose>
		<truncated>0</truncated>
		<difficult>0</difficult>
		<bndbox>
			<xmin>95</xmin>
			<ymin>4</ymin>
			<xmax>136</xmax>
			<ymax>19</ymax>
		</bndbox>
	</object>
	<object>
		<name>Patch</name>
		<pose>Unspecified</pose>
		<truncated>0</truncated>
		<difficult>0</difficult>
		<bndbox>
			<xmin>177</xmin>
			<ymin>23</ymin>
			<xmax>231</xmax>
			<ymax>43</ymax>
		</bndbox>
	</object>
	<object>
		<name>Patch</name>
		<pose>Unspecified</pose>
		<truncated>1</truncated>
		<difficult>0</difficult>
		<bndbox>
			<xmin>259</xmin>
			<ymin>1</ymin>
			<xmax>308</xmax>
			<ymax>30</ymax>
		</bndbox>
	</object>
</annotation>
