<annotation>
	<folder>LabelIMG Lawn Images</folder>
	<filename>image (34).jpg</filename>
	<path>C:\Users\coolf\Desktop\LabelIMG Lawn Images\image (34).jpg</path>
	<source>
		<database>Unknown</database>
	</source>
	<size>
		<width>194</width>
		<height>259</height>
		<depth>3</depth>
	</size>
	<segmented>0</segmented>
	<object>
		<name>Patch</name>
		<pose>Unspecified</pose>
		<truncated>0</truncated>
		<difficult>0</difficult>
		<bndbox>
			<xmin>20</xmin>
			<ymin>64</ymin>
			<xmax>122</xmax>
			<ymax>257</ymax>
		</bndbox>
	</object>
</annotation>
