<annotation>
	<folder>LabelIMG Lawn Images</folder>
	<filename>image (18).jpg</filename>
	<path>C:\Users\coolf\Desktop\LabelIMG Lawn Images\image (18).jpg</path>
	<source>
		<database>Unknown</database>
	</source>
	<size>
		<width>264</width>
		<height>191</height>
		<depth>3</depth>
	</size>
	<segmented>0</segmented>
	<object>
		<name>Patch</name>
		<pose>Unspecified</pose>
		<truncated>0</truncated>
		<difficult>0</difficult>
		<bndbox>
			<xmin>16</xmin>
			<ymin>45</ymin>
			<xmax>127</xmax>
			<ymax>160</ymax>
		</bndbox>
	</object>
</annotation>
