<annotation>
	<folder>LabelIMG Lawn Images</folder>
	<filename>image (14).jpg</filename>
	<path>C:\Users\coolf\Desktop\LabelIMG Lawn Images\image (14).jpg</path>
	<source>
		<database>Unknown</database>
	</source>
	<size>
		<width>275</width>
		<height>183</height>
		<depth>3</depth>
	</size>
	<segmented>0</segmented>
	<object>
		<name>Patch</name>
		<pose>Unspecified</pose>
		<truncated>0</truncated>
		<difficult>0</difficult>
		<bndbox>
			<xmin>86</xmin>
			<ymin>39</ymin>
			<xmax>191</xmax>
			<ymax>143</ymax>
		</bndbox>
	</object>
</annotation>
