<annotation>
	<folder>LabelIMG Lawn Images</folder>
	<filename>image (32).jpg</filename>
	<path>C:\Users\coolf\Desktop\LabelIMG Lawn Images\image (32).jpg</path>
	<source>
		<database>Unknown</database>
	</source>
	<size>
		<width>281</width>
		<height>179</height>
		<depth>3</depth>
	</size>
	<segmented>0</segmented>
	<object>
		<name>Patch</name>
		<pose>Unspecified</pose>
		<truncated>0</truncated>
		<difficult>0</difficult>
		<bndbox>
			<xmin>4</xmin>
			<ymin>51</ymin>
			<xmax>85</xmax>
			<ymax>158</ymax>
		</bndbox>
	</object>
	<object>
		<name>Patch</name>
		<pose>Unspecified</pose>
		<truncated>0</truncated>
		<difficult>0</difficult>
		<bndbox>
			<xmin>111</xmin>
			<ymin>59</ymin>
			<xmax>170</xmax>
			<ymax>136</ymax>
		</bndbox>
	</object>
	<object>
		<name>Patch</name>
		<pose>Unspecified</pose>
		<truncated>0</truncated>
		<difficult>0</difficult>
		<bndbox>
			<xmin>183</xmin>
			<ymin>86</ymin>
			<xmax>260</xmax>
			<ymax>157</ymax>
		</bndbox>
	</object>
</annotation>
