<annotation>
	<folder>images</folder>
	<filename>image (1).jpg</filename>
	<path>C:\Users\coolf\Desktop\PatchDataset\train\images\image (1).jpg</path>
	<source>
		<database>Unknown</database>
	</source>
	<size>
		<width>275</width>
		<height>183</height>
		<depth>3</depth>
	</size>
	<segmented>0</segmented>
	<object>
		<name>patch</name>
		<pose>Unspecified</pose>
		<truncated>0</truncated>
		<difficult>0</difficult>
		<bndbox>
			<xmin>85</xmin>
			<ymin>41</ymin>
			<xmax>206</xmax>
			<ymax>148</ymax>
		</bndbox>
	</object>
</annotation>
