<annotation>
	<folder>images</folder>
	<filename>image (7).jpg</filename>
	<path>C:\Users\coolf\Desktop\PatchDataset\train\images\image (7).jpg</path>
	<source>
		<database>Unknown</database>
	</source>
	<size>
		<width>318</width>
		<height>159</height>
		<depth>3</depth>
	</size>
	<segmented>0</segmented>
	<object>
		<name>patch</name>
		<pose>Unspecified</pose>
		<truncated>0</truncated>
		<difficult>0</difficult>
		<bndbox>
			<xmin>45</xmin>
			<ymin>63</ymin>
			<xmax>85</xmax>
			<ymax>131</ymax>
		</bndbox>
	</object>
	<object>
		<name>patch</name>
		<pose>Unspecified</pose>
		<truncated>0</truncated>
		<difficult>0</difficult>
		<bndbox>
			<xmin>88</xmin>
			<ymin>98</ymin>
			<xmax>135</xmax>
			<ymax>136</ymax>
		</bndbox>
	</object>
	<object>
		<name>patch</name>
		<pose>Unspecified</pose>
		<truncated>0</truncated>
		<difficult>0</difficult>
		<bndbox>
			<xmin>131</xmin>
			<ymin>10</ymin>
			<xmax>182</xmax>
			<ymax>28</ymax>
		</bndbox>
	</object>
	<object>
		<name>patch</name>
		<pose>Unspecified</pose>
		<truncated>0</truncated>
		<difficult>0</difficult>
		<bndbox>
			<xmin>207</xmin>
			<ymin>82</ymin>
			<xmax>261</xmax>
			<ymax>107</ymax>
		</bndbox>
	</object>
	<object>
		<name>patch</name>
		<pose>Unspecified</pose>
		<truncated>0</truncated>
		<difficult>0</difficult>
		<bndbox>
			<xmin>266</xmin>
			<ymin>26</ymin>
			<xmax>315</xmax>
			<ymax>45</ymax>
		</bndbox>
	</object>
</annotation>
