<annotation>
	<folder>images</folder>
	<filename>image (36).jpg</filename>
	<path>C:\Users\coolf\Desktop\PatchDataset\train\images\image (36).jpg</path>
	<source>
		<database>Unknown</database>
	</source>
	<size>
		<width>310</width>
		<height>163</height>
		<depth>3</depth>
	</size>
	<segmented>0</segmented>
	<object>
		<name>patch</name>
		<pose>Unspecified</pose>
		<truncated>0</truncated>
		<difficult>0</difficult>
		<bndbox>
			<xmin>81</xmin>
			<ymin>13</ymin>
			<xmax>156</xmax>
			<ymax>78</ymax>
		</bndbox>
	</object>
</annotation>
