<annotation>
	<folder>images</folder>
	<filename>image (8).jpg</filename>
	<path>C:\Users\coolf\Desktop\PatchDataset\train\images\image (8).jpg</path>
	<source>
		<database>Unknown</database>
	</source>
	<size>
		<width>288</width>
		<height>175</height>
		<depth>3</depth>
	</size>
	<segmented>0</segmented>
	<object>
		<name>patch</name>
		<pose>Unspecified</pose>
		<truncated>0</truncated>
		<difficult>0</difficult>
		<bndbox>
			<xmin>237</xmin>
			<ymin>101</ymin>
			<xmax>280</xmax>
			<ymax>168</ymax>
		</bndbox>
	</object>
	<object>
		<name>patch</name>
		<pose>Unspecified</pose>
		<truncated>0</truncated>
		<difficult>0</difficult>
		<bndbox>
			<xmin>198</xmin>
			<ymin>32</ymin>
			<xmax>230</xmax>
			<ymax>59</ymax>
		</bndbox>
	</object>
	<object>
		<name>patch</name>
		<pose>Unspecified</pose>
		<truncated>0</truncated>
		<difficult>0</difficult>
		<bndbox>
			<xmin>8</xmin>
			<ymin>61</ymin>
			<xmax>62</xmax>
			<ymax>109</ymax>
		</bndbox>
	</object>
	<object>
		<name>patch</name>
		<pose>Unspecified</pose>
		<truncated>0</truncated>
		<difficult>0</difficult>
		<bndbox>
			<xmin>140</xmin>
			<ymin>78</ymin>
			<xmax>177</xmax>
			<ymax>99</ymax>
		</bndbox>
	</object>
</annotation>
