<annotation>
	<folder>images</folder>
	<filename>image (48).jpg</filename>
	<path>C:\Users\coolf\Desktop\PatchDataset\train\images\image (48).jpg</path>
	<source>
		<database>Unknown</database>
	</source>
	<size>
		<width>259</width>
		<height>194</height>
		<depth>3</depth>
	</size>
	<segmented>0</segmented>
	<object>
		<name>patch</name>
		<pose>Unspecified</pose>
		<truncated>0</truncated>
		<difficult>0</difficult>
		<bndbox>
			<xmin>56</xmin>
			<ymin>66</ymin>
			<xmax>150</xmax>
			<ymax>153</ymax>
		</bndbox>
	</object>
</annotation>
