<annotation>
	<folder>images</folder>
	<filename>image (6).jpg</filename>
	<path>C:\Users\coolf\Desktop\PatchDataset\train\images\image (6).jpg</path>
	<source>
		<database>Unknown</database>
	</source>
	<size>
		<width>224</width>
		<height>224</height>
		<depth>3</depth>
	</size>
	<segmented>0</segmented>
	<object>
		<name>patch</name>
		<pose>Unspecified</pose>
		<truncated>0</truncated>
		<difficult>0</difficult>
		<bndbox>
			<xmin>28</xmin>
			<ymin>63</ymin>
			<xmax>193</xmax>
			<ymax>175</ymax>
		</bndbox>
	</object>
</annotation>
