<annotation>
	<folder>images</folder>
	<filename>image (22).jpg</filename>
	<path>C:\Users\coolf\Desktop\PatchDataset\train\images\image (22).jpg</path>
	<source>
		<database>Unknown</database>
	</source>
	<size>
		<width>373</width>
		<height>135</height>
		<depth>3</depth>
	</size>
	<segmented>0</segmented>
	<object>
		<name>patch</name>
		<pose>Unspecified</pose>
		<truncated>0</truncated>
		<difficult>0</difficult>
		<bndbox>
			<xmin>150</xmin>
			<ymin>34</ymin>
			<xmax>313</xmax>
			<ymax>118</ymax>
		</bndbox>
	</object>
</annotation>
