<annotation>
	<folder>images</folder>
	<filename>image (30).jpg</filename>
	<path>C:\Users\coolf\Desktop\PatchDataset\train\images\image (30).jpg</path>
	<source>
		<database>Unknown</database>
	</source>
	<size>
		<width>259</width>
		<height>194</height>
		<depth>3</depth>
	</size>
	<segmented>0</segmented>
	<object>
		<name>patch</name>
		<pose>Unspecified</pose>
		<truncated>0</truncated>
		<difficult>0</difficult>
		<bndbox>
			<xmin>79</xmin>
			<ymin>57</ymin>
			<xmax>170</xmax>
			<ymax>121</ymax>
		</bndbox>
	</object>
	<object>
		<name>patch</name>
		<pose>Unspecified</pose>
		<truncated>0</truncated>
		<difficult>0</difficult>
		<bndbox>
			<xmin>97</xmin>
			<ymin>124</ymin>
			<xmax>146</xmax>
			<ymax>161</ymax>
		</bndbox>
	</object>
</annotation>
