<annotation>
	<folder>images</folder>
	<filename>image (11).jpg</filename>
	<path>C:\Users\coolf\Desktop\PatchDataset\train\images\image (11).jpg</path>
	<source>
		<database>Unknown</database>
	</source>
	<size>
		<width>346</width>
		<height>145</height>
		<depth>3</depth>
	</size>
	<segmented>0</segmented>
	<object>
		<name>patch</name>
		<pose>Unspecified</pose>
		<truncated>0</truncated>
		<difficult>0</difficult>
		<bndbox>
			<xmin>16</xmin>
			<ymin>13</ymin>
			<xmax>150</xmax>
			<ymax>131</ymax>
		</bndbox>
	</object>
</annotation>
