<annotation>
	<folder>images</folder>
	<filename>image (32).jpg</filename>
	<path>C:\Users\coolf\Desktop\PatchDataset\train\images\image (32).jpg</path>
	<source>
		<database>Unknown</database>
	</source>
	<size>
		<width>281</width>
		<height>179</height>
		<depth>3</depth>
	</size>
	<segmented>0</segmented>
	<object>
		<name>patch</name>
		<pose>Unspecified</pose>
		<truncated>0</truncated>
		<difficult>0</difficult>
		<bndbox>
			<xmin>38</xmin>
			<ymin>91</ymin>
			<xmax>72</xmax>
			<ymax>135</ymax>
		</bndbox>
	</object>
	<object>
		<name>patch</name>
		<pose>Unspecified</pose>
		<truncated>0</truncated>
		<difficult>0</difficult>
		<bndbox>
			<xmin>121</xmin>
			<ymin>86</ymin>
			<xmax>143</xmax>
			<ymax>123</ymax>
		</bndbox>
	</object>
	<object>
		<name>patch</name>
		<pose>Unspecified</pose>
		<truncated>0</truncated>
		<difficult>0</difficult>
		<bndbox>
			<xmin>190</xmin>
			<ymin>100</ymin>
			<xmax>217</xmax>
			<ymax>152</ymax>
		</bndbox>
	</object>
</annotation>
