<annotation>
	<folder>images</folder>
	<filename>image (18).jpg</filename>
	<path>C:\Users\coolf\Desktop\PatchDataset\train\images\image (18).jpg</path>
	<source>
		<database>Unknown</database>
	</source>
	<size>
		<width>264</width>
		<height>191</height>
		<depth>3</depth>
	</size>
	<segmented>0</segmented>
	<object>
		<name>patch</name>
		<pose>Unspecified</pose>
		<truncated>0</truncated>
		<difficult>0</difficult>
		<bndbox>
			<xmin>12</xmin>
			<ymin>53</ymin>
			<xmax>124</xmax>
			<ymax>147</ymax>
		</bndbox>
	</object>
</annotation>
