<annotation>
	<folder>images</folder>
	<filename>image (40).jpg</filename>
	<path>C:\Users\coolf\Desktop\PatchDataset\train\images\image (40).jpg</path>
	<source>
		<database>Unknown</database>
	</source>
	<size>
		<width>318</width>
		<height>159</height>
		<depth>3</depth>
	</size>
	<segmented>0</segmented>
	<object>
		<name>patch</name>
		<pose>Unspecified</pose>
		<truncated>0</truncated>
		<difficult>0</difficult>
		<bndbox>
			<xmin>20</xmin>
			<ymin>23</ymin>
			<xmax>133</xmax>
			<ymax>132</ymax>
		</bndbox>
	</object>
</annotation>
