<annotation>
	<folder>images</folder>
	<filename>image (34).jpg</filename>
	<path>C:\Users\coolf\Desktop\PatchDataset\train\images\image (34).jpg</path>
	<source>
		<database>Unknown</database>
	</source>
	<size>
		<width>194</width>
		<height>259</height>
		<depth>3</depth>
	</size>
	<segmented>0</segmented>
	<object>
		<name>patch</name>
		<pose>Unspecified</pose>
		<truncated>0</truncated>
		<difficult>0</difficult>
		<bndbox>
			<xmin>32</xmin>
			<ymin>118</ymin>
			<xmax>90</xmax>
			<ymax>256</ymax>
		</bndbox>
	</object>
	<object>
		<name>patch</name>
		<pose>Unspecified</pose>
		<truncated>0</truncated>
		<difficult>0</difficult>
		<bndbox>
			<xmin>49</xmin>
			<ymin>62</ymin>
			<xmax>75</xmax>
			<ymax>116</ymax>
		</bndbox>
	</object>
</annotation>
