<annotation>
	<folder>images</folder>
	<filename>image (31).jpg</filename>
	<path>C:\Users\coolf\Desktop\PatchDataset\train\images\image (31).jpg</path>
	<source>
		<database>Unknown</database>
	</source>
	<size>
		<width>275</width>
		<height>184</height>
		<depth>3</depth>
	</size>
	<segmented>0</segmented>
	<object>
		<name>patch</name>
		<pose>Unspecified</pose>
		<truncated>0</truncated>
		<difficult>0</difficult>
		<bndbox>
			<xmin>55</xmin>
			<ymin>67</ymin>
			<xmax>88</xmax>
			<ymax>114</ymax>
		</bndbox>
	</object>
	<object>
		<name>patch</name>
		<pose>Unspecified</pose>
		<truncated>0</truncated>
		<difficult>0</difficult>
		<bndbox>
			<xmin>140</xmin>
			<ymin>77</ymin>
			<xmax>180</xmax>
			<ymax>124</ymax>
		</bndbox>
	</object>
</annotation>
