<annotation>
	<folder>images</folder>
	<filename>image (35).jpg</filename>
	<path>C:\Users\coolf\Desktop\PatchDataset\train\images\image (35).jpg</path>
	<source>
		<database>Unknown</database>
	</source>
	<size>
		<width>259</width>
		<height>194</height>
		<depth>3</depth>
	</size>
	<segmented>0</segmented>
	<object>
		<name>patch</name>
		<pose>Unspecified</pose>
		<truncated>0</truncated>
		<difficult>0</difficult>
		<bndbox>
			<xmin>61</xmin>
			<ymin>38</ymin>
			<xmax>91</xmax>
			<ymax>66</ymax>
		</bndbox>
	</object>
	<object>
		<name>patch</name>
		<pose>Unspecified</pose>
		<truncated>0</truncated>
		<difficult>0</difficult>
		<bndbox>
			<xmin>76</xmin>
			<ymin>70</ymin>
			<xmax>178</xmax>
			<ymax>125</ymax>
		</bndbox>
	</object>
</annotation>
