<annotation>
	<folder>images</folder>
	<filename>image (23).jpg</filename>
	<path>C:\Users\coolf\Desktop\PatchDataset\train\images\image (23).jpg</path>
	<source>
		<database>Unknown</database>
	</source>
	<size>
		<width>225</width>
		<height>225</height>
		<depth>3</depth>
	</size>
	<segmented>0</segmented>
	<object>
		<name>patch</name>
		<pose>Unspecified</pose>
		<truncated>0</truncated>
		<difficult>0</difficult>
		<bndbox>
			<xmin>50</xmin>
			<ymin>55</ymin>
			<xmax>93</xmax>
			<ymax>73</ymax>
		</bndbox>
	</object>
	<object>
		<name>patch</name>
		<pose>Unspecified</pose>
		<truncated>0</truncated>
		<difficult>0</difficult>
		<bndbox>
			<xmin>140</xmin>
			<ymin>89</ymin>
			<xmax>220</xmax>
			<ymax>142</ymax>
		</bndbox>
	</object>
	<object>
		<name>patch</name>
		<pose>Unspecified</pose>
		<truncated>0</truncated>
		<difficult>0</difficult>
		<bndbox>
			<xmin>131</xmin>
			<ymin>42</ymin>
			<xmax>191</xmax>
			<ymax>72</ymax>
		</bndbox>
	</object>
	<object>
		<name>patch</name>
		<pose>Unspecified</pose>
		<truncated>0</truncated>
		<difficult>0</difficult>
		<bndbox>
			<xmin>2</xmin>
			<ymin>130</ymin>
			<xmax>67</xmax>
			<ymax>199</ymax>
		</bndbox>
	</object>
</annotation>
