<annotation>
	<folder>images</folder>
	<filename>image (42).jpg</filename>
	<path>C:\Users\coolf\Desktop\PatchDataset\train\images\image (42).jpg</path>
	<source>
		<database>Unknown</database>
	</source>
	<size>
		<width>260</width>
		<height>194</height>
		<depth>3</depth>
	</size>
	<segmented>0</segmented>
	<object>
		<name>patch</name>
		<pose>Unspecified</pose>
		<truncated>0</truncated>
		<difficult>0</difficult>
		<bndbox>
			<xmin>78</xmin>
			<ymin>72</ymin>
			<xmax>128</xmax>
			<ymax>145</ymax>
		</bndbox>
	</object>
	<object>
		<name>patch</name>
		<pose>Unspecified</pose>
		<truncated>0</truncated>
		<difficult>0</difficult>
		<bndbox>
			<xmin>99</xmin>
			<ymin>31</ymin>
			<xmax>171</xmax>
			<ymax>67</ymax>
		</bndbox>
	</object>
</annotation>
