<annotation>
	<folder>images</folder>
	<filename>image (17).jpg</filename>
	<path>C:\Users\coolf\Desktop\PatchDataset\train\images\image (17).jpg</path>
	<source>
		<database>Unknown</database>
	</source>
	<size>
		<width>225</width>
		<height>225</height>
		<depth>3</depth>
	</size>
	<segmented>0</segmented>
	<object>
		<name>patch</name>
		<pose>Unspecified</pose>
		<truncated>0</truncated>
		<difficult>0</difficult>
		<bndbox>
			<xmin>37</xmin>
			<ymin>51</ymin>
			<xmax>217</xmax>
			<ymax>188</ymax>
		</bndbox>
	</object>
</annotation>
