<annotation>
	<folder>images</folder>
	<filename>image (33).jpg</filename>
	<path>C:\Users\coolf\Desktop\PatchDataset\train\images\image (33).jpg</path>
	<source>
		<database>Unknown</database>
	</source>
	<size>
		<width>284</width>
		<height>177</height>
		<depth>3</depth>
	</size>
	<segmented>0</segmented>
	<object>
		<name>patch</name>
		<pose>Unspecified</pose>
		<truncated>0</truncated>
		<difficult>0</difficult>
		<bndbox>
			<xmin>114</xmin>
			<ymin>64</ymin>
			<xmax>184</xmax>
			<ymax>134</ymax>
		</bndbox>
	</object>
</annotation>
