<annotation>
	<folder>images</folder>
	<filename>image (28).jpg</filename>
	<path>C:\Users\coolf\Desktop\PatchDataset\train\images\image (28).jpg</path>
	<source>
		<database>Unknown</database>
	</source>
	<size>
		<width>260</width>
		<height>194</height>
		<depth>3</depth>
	</size>
	<segmented>0</segmented>
	<object>
		<name>patch</name>
		<pose>Unspecified</pose>
		<truncated>0</truncated>
		<difficult>0</difficult>
		<bndbox>
			<xmin>13</xmin>
			<ymin>40</ymin>
			<xmax>214</xmax>
			<ymax>145</ymax>
		</bndbox>
	</object>
</annotation>
