<annotation>
	<folder>LabelIMG Lawn Images</folder>
	<filename>image (46).jpg</filename>
	<path>C:\Users\coolf\Desktop\LabelIMG Lawn Images\image (46).jpg</path>
	<source>
		<database>Unknown</database>
	</source>
	<size>
		<width>259</width>
		<height>194</height>
		<depth>3</depth>
	</size>
	<segmented>0</segmented>
	<object>
		<name>Patch</name>
		<pose>Unspecified</pose>
		<truncated>0</truncated>
		<difficult>0</difficult>
		<bndbox>
			<xmin>35</xmin>
			<ymin>10</ymin>
			<xmax>214</xmax>
			<ymax>56</ymax>
		</bndbox>
	</object>
	<object>
		<name>Patch</name>
		<pose>Unspecified</pose>
		<truncated>0</truncated>
		<difficult>0</difficult>
		<bndbox>
			<xmin>8</xmin>
			<ymin>70</ymin>
			<xmax>253</xmax>
			<ymax>180</ymax>
		</bndbox>
	</object>
</annotation>
