<annotation>
	<folder>LabelIMG Lawn Images</folder>
	<filename>image (28).jpg</filename>
	<path>C:\Users\coolf\Desktop\LabelIMG Lawn Images\image (28).jpg</path>
	<source>
		<database>Unknown</database>
	</source>
	<size>
		<width>260</width>
		<height>194</height>
		<depth>3</depth>
	</size>
	<segmented>0</segmented>
	<object>
		<name>Patch</name>
		<pose>Unspecified</pose>
		<truncated>0</truncated>
		<difficult>0</difficult>
		<bndbox>
			<xmin>5</xmin>
			<ymin>33</ymin>
			<xmax>248</xmax>
			<ymax>163</ymax>
		</bndbox>
	</object>
</annotation>
