<annotation>
	<folder>LabelIMG Lawn Images</folder>
	<filename>image (26).jpg</filename>
	<path>C:\Users\coolf\Desktop\LabelIMG Lawn Images\image (26).jpg</path>
	<source>
		<database>Unknown</database>
	</source>
	<size>
		<width>275</width>
		<height>183</height>
		<depth>3</depth>
	</size>
	<segmented>0</segmented>
	<object>
		<name>Patch</name>
		<pose>Unspecified</pose>
		<truncated>0</truncated>
		<difficult>0</difficult>
		<bndbox>
			<xmin>11</xmin>
			<ymin>59</ymin>
			<xmax>123</xmax>
			<ymax>129</ymax>
		</bndbox>
	</object>
	<object>
		<name>Patch</name>
		<pose>Unspecified</pose>
		<truncated>0</truncated>
		<difficult>0</difficult>
		<bndbox>
			<xmin>150</xmin>
			<ymin>112</ymin>
			<xmax>209</xmax>
			<ymax>155</ymax>
		</bndbox>
	</object>
	<object>
		<name>Patch</name>
		<pose>Unspecified</pose>
		<truncated>0</truncated>
		<difficult>0</difficult>
		<bndbox>
			<xmin>179</xmin>
			<ymin>60</ymin>
			<xmax>246</xmax>
			<ymax>111</ymax>
		</bndbox>
	</object>
	<object>
		<name>Patch</name>
		<pose>Unspecified</pose>
		<truncated>0</truncated>
		<difficult>0</difficult>
		<bndbox>
			<xmin>213</xmin>
			<ymin>15</ymin>
			<xmax>274</xmax>
			<ymax>58</ymax>
		</bndbox>
	</object>
</annotation>
