<annotation>
	<folder>LabelIMG Lawn Images</folder>
	<filename>image (50).jpg</filename>
	<path>C:\Users\coolf\Desktop\LabelIMG Lawn Images\image (50).jpg</path>
	<source>
		<database>Unknown</database>
	</source>
	<size>
		<width>299</width>
		<height>169</height>
		<depth>3</depth>
	</size>
	<segmented>0</segmented>
	<object>
		<name>Patch</name>
		<pose>Unspecified</pose>
		<truncated>0</truncated>
		<difficult>0</difficult>
		<bndbox>
			<xmin>83</xmin>
			<ymin>15</ymin>
			<xmax>239</xmax>
			<ymax>137</ymax>
		</bndbox>
	</object>
	<object>
		<name>Patch</name>
		<pose>Unspecified</pose>
		<truncated>0</truncated>
		<difficult>0</difficult>
		<bndbox>
			<xmin>6</xmin>
			<ymin>90</ymin>
			<xmax>83</xmax>
			<ymax>163</ymax>
		</bndbox>
	</object>
</annotation>
