<annotation>
	<folder>LabelIMG Lawn Images</folder>
	<filename>image (13).jpg</filename>
	<path>C:\Users\coolf\Desktop\LabelIMG Lawn Images\image (13).jpg</path>
	<source>
		<database>Unknown</database>
	</source>
	<size>
		<width>321</width>
		<height>157</height>
		<depth>3</depth>
	</size>
	<segmented>0</segmented>
	<object>
		<name>Patch</name>
		<pose>Unspecified</pose>
		<truncated>0</truncated>
		<difficult>0</difficult>
		<bndbox>
			<xmin>53</xmin>
			<ymin>70</ymin>
			<xmax>202</xmax>
			<ymax>114</ymax>
		</bndbox>
	</object>
	<object>
		<name>Patch</name>
		<pose>Unspecified</pose>
		<truncated>0</truncated>
		<difficult>0</difficult>
		<bndbox>
			<xmin>107</xmin>
			<ymin>38</ymin>
			<xmax>204</xmax>
			<ymax>67</ymax>
		</bndbox>
	</object>
</annotation>
