<annotation>
	<folder>LabelIMG Lawn Images</folder>
	<filename>image (2).jpg</filename>
	<path>C:\Users\coolf\Desktop\LabelIMG Lawn Images\image (2).jpg</path>
	<source>
		<database>Unknown</database>
	</source>
	<size>
		<width>299</width>
		<height>168</height>
		<depth>3</depth>
	</size>
	<segmented>0</segmented>
	<object>
		<name>Patch</name>
		<pose>Unspecified</pose>
		<truncated>0</truncated>
		<difficult>0</difficult>
		<bndbox>
			<xmin>26</xmin>
			<ymin>106</ymin>
			<xmax>294</xmax>
			<ymax>165</ymax>
		</bndbox>
	</object>
	<object>
		<name>Patch</name>
		<pose>Unspecified</pose>
		<truncated>0</truncated>
		<difficult>0</difficult>
		<bndbox>
			<xmin>103</xmin>
			<ymin>64</ymin>
			<xmax>291</xmax>
			<ymax>104</ymax>
		</bndbox>
	</object>
</annotation>
