<annotation>
	<folder>LabelIMG Lawn Images</folder>
	<filename>image (37).jpg</filename>
	<path>C:\Users\coolf\Desktop\LabelIMG Lawn Images\image (37).jpg</path>
	<source>
		<database>Unknown</database>
	</source>
	<size>
		<width>263</width>
		<height>191</height>
		<depth>3</depth>
	</size>
	<segmented>0</segmented>
	<object>
		<name>Patch</name>
		<pose>Unspecified</pose>
		<truncated>0</truncated>
		<difficult>0</difficult>
		<bndbox>
			<xmin>105</xmin>
			<ymin>31</ymin>
			<xmax>160</xmax>
			<ymax>46</ymax>
		</bndbox>
	</object>
	<object>
		<name>Patch</name>
		<pose>Unspecified</pose>
		<truncated>0</truncated>
		<difficult>0</difficult>
		<bndbox>
			<xmin>167</xmin>
			<ymin>26</ymin>
			<xmax>239</xmax>
			<ymax>38</ymax>
		</bndbox>
	</object>
	<object>
		<name>Patch</name>
		<pose>Unspecified</pose>
		<truncated>0</truncated>
		<difficult>0</difficult>
		<bndbox>
			<xmin>135</xmin>
			<ymin>54</ymin>
			<xmax>189</xmax>
			<ymax>70</ymax>
		</bndbox>
	</object>
	<object>
		<name>Patch</name>
		<pose>Unspecified</pose>
		<truncated>0</truncated>
		<difficult>0</difficult>
		<bndbox>
			<xmin>157</xmin>
			<ymin>71</ymin>
			<xmax>231</xmax>
			<ymax>96</ymax>
		</bndbox>
	</object>
	<object>
		<name>Patch</name>
		<pose>Unspecified</pose>
		<truncated>0</truncated>
		<difficult>0</difficult>
		<bndbox>
			<xmin>119</xmin>
			<ymin>101</ymin>
			<xmax>201</xmax>
			<ymax>132</ymax>
		</bndbox>
	</object>
	<object>
		<name>Patch</name>
		<pose>Unspecified</pose>
		<truncated>0</truncated>
		<difficult>0</difficult>
		<bndbox>
			<xmin>158</xmin>
			<ymin>134</ymin>
			<xmax>262</xmax>
			<ymax>173</ymax>
		</bndbox>
	</object>
	<object>
		<name>Patch</name>
		<pose>Unspecified</pose>
		<truncated>0</truncated>
		<difficult>0</difficult>
		<bndbox>
			<xmin>91</xmin>
			<ymin>145</ymin>
			<xmax>155</xmax>
			<ymax>189</ymax>
		</bndbox>
	</object>
	<object>
		<name>Patch</name>
		<pose>Unspecified</pose>
		<truncated>1</truncated>
		<difficult>0</difficult>
		<bndbox>
			<xmin>1</xmin>
			<ymin>101</ymin>
			<xmax>78</xmax>
			<ymax>191</ymax>
		</bndbox>
	</object>
	<object>
		<name>Patch</name>
		<pose>Unspecified</pose>
		<truncated>0</truncated>
		<difficult>0</difficult>
		<bndbox>
			<xmin>40</xmin>
			<ymin>55</ymin>
			<xmax>94</xmax>
			<ymax>79</ymax>
		</bndbox>
	</object>
	<object>
		<name>Patch</name>
		<pose>Unspecified</pose>
		<truncated>0</truncated>
		<difficult>0</difficult>
		<bndbox>
			<xmin>59</xmin>
			<ymin>14</ymin>
			<xmax>102</xmax>
			<ymax>31</ymax>
		</bndbox>
	</object>
	<object>
		<name>Patch</name>
		<pose>Unspecified</pose>
		<truncated>0</truncated>
		<difficult>0</difficult>
		<bndbox>
			<xmin>3</xmin>
			<ymin>32</ymin>
			<xmax>32</xmax>
			<ymax>69</ymax>
		</bndbox>
	</object>
</annotation>
